Class,Class,2021_CF1H_112,2021_CF1H_114,2021_CF1H_124,2021_CF1H_132,2021_CF1H_134,2021_CF1H_314,2021_CF1H_324,2021_CF1H_334,2021_CF2A_112,2021_CF2A_114,2021_CF2A_122,2021_CF2A_124,2021_CF2A_1312,2021_CF2A_1314,2021_CF2A_1322,2021_CF2A_1324,2021_CF2A_1332,2021_CF2A_1334,2021_CF2A_134,2021_CF2A_312,2021_CF2A_314,2021_CF2A_322,2021_CF2A_324,2021_CF2A_3312,2021_CF2A_3314,2021_CF2A_332,2021_CF2A_3324,2021_CF2A_3332,2021_CF2A_3334,2021_CF2A_334,2021_CF2E_111,2021_CF2E_112B,2021_CF2E_112P,2021_CF2E_311,2021_CF2E_312B,2021_CF2E_312P,2021_CF2H_112,2021_CF2H_132,2021_CF2H_314,2021_CF2H_324,2021_JF1H_414,2021_JF1H_424,2021_JF2A_112,2021_JF2A_114,2021_JF2A_122,2021_JF2A_124,2021_JF2A_1312,2021_JF2A_1314,2021_JF2A_132,2021_JF2A_1322,2021_JF2A_1324,2021_JF2A_1332,2021_JF2A_1334,2021_JF2A_134,2021_JF2E_111,2021_JF2E_112B,2021_JF2E_112P,2021_JF2H_114,2021_JF2H_122,2021_JF2H_124,2021_JF2H_412,2021_JF2H_414,2021_JF2H_422,2021_JF2H_424,2021_KF1H_112,2021_KF1H_114,2021_KF1H_122,2021_KF1H_124,2021_KF1H_212,2021_KF1H_213,2021_KF1H_224,2021_KF1H_234,2021_KF2A_212,2021_KF2A_214,2021_KF2A_222,2021_KF2A_224,2021_KF2A_2312,2021_KF2A_2314,2021_KF2A_2322,2021_KF2A_2324,2021_KF2A_2332,2021_KF2A_2334,2021_KF2A_234,2021_KF2A_242,2021_KF2E_211,2021_KF2E_212B,2021_KF2E_212P,2021_KF2H_112,2021_KF2H_212,2021_KF2H_213,2021_KF2H_222,2021_KF2H_224
N/A,Other,88.80396864,0.34878714,0.323661218,0.121500397,0.182236727,0.101370126,0.144365571,0.096238242,148.7999005,26.82066843,141.0832782,0.326371281,60.67500063,0,66.17368051,0.144205226,19.65701745,0.312166697,0.053182358,115.6035692,0.361482858,138.242107,0.351006287,11.5411247,0.721074185,213.015073,3.605630034,15.13862107,0.027137717,0.236679073,54.23151166,302.0634966,69.47652492,49.66249914,79.63585575,76.14211011,111.7294979,115.5083461,0.166622245,0.031957002,12.30772367,0.816068778,98.79454072,0.57510302,80.65576232,0.71210124,61.14373996,0.072521355,37.19960703,55.51757925,0.099107825,87.47411418,0.15271583,0.188523784,30.44807323,81.72235904,80.05339441,0.033096495,13.51659022,0.063143936,116.9217866,0.139692461,118.4029999,0.15238437,128.730377,0.336016262,0.033442834,1.098648322,0.149285746,3.301767872,1.82884022,3.678746451,78.67411097,0.31957193,96.95418649,0.01524968,68.0336084,0.065864955,66.93679871,0.324469922,82.05194902,0.115209248,0.212938534,131.407295,42.63723272,87.37182925,82.49686386,93.73629669,103.635552,7.372403547,122.1997681,0.59698369
acridine dye,MDR,0,0,0,0,0,0,0,0,0,0,0,0,0.15043699,0,0.231985333,0,0.078182767,0,0,0.727133262,0,0.651288707,0,0.32994133,0,0.073484697,0,0.222838887,0,0,0.124553047,0.044601315,0,0,0.014353939,0,0,0,0,0,0,0,0,0,0,0,0.015957502,0,0,0,0,0,0,0,0,0,0.025176415,0,0,0,0,0,0,0,0,0,0,0,0,0,0.0325207,0,0.134541132,0,0.080409027,0,0.136035163,0,0.186164434,0,0.137342276,0,0,0.05352167,0.107762078,0,0.094384977,0,0,0,0,0
acridine dye;aminocoumarin antibiotic;aminoglycoside antibiotic;carbapenem;cephalosporin;cephamycin;diaminopyrimidine antibiotic;fluoroquinolone antibiotic;macrolide antibiotic;monobactam;penam;penem;peptide antibiotic;phenicol antibiotic;sulfonamide antibiotic;tetracycline antibiotic,MDR,0,0,0,0,0,0,0,0,0,0,0,0,0,0,0,0,0,0,0,0,0,0,0,0,0,0,0,0,0,0,0,0,0,0,0.01163113,0,0,0,0,0,0,0,0,0,0,0,0,0,0,0,0,0,0,0,0,0,0,0,0,0,0,0,0,0,0,0,0,0,0,0,0,0,0,0,0,0,0,0,0,0,0,0,0,0,0,0,0,0.027638108,0,0,0,0
acridine dye;aminoglycoside antibiotic;carbapenem;cephalosporin;cephamycin;fluoroquinolone antibiotic;macrolide antibiotic;monobactam;penam;penem;phenicol antibiotic;tetracycline antibiotic,MDR,0,0,0,0,0,0,0,0,0,0,0,0,0,0,0,0,0,0,0,0,0,0,0,0.025080647,0,0,0,0,0,0,0,0,0,0,0,0,0,0,0,0,0,0,0,0,0,0,0,0,0,0,0,0,0,0,0,0,0,0,0,0,0,0,0,0,0,0,0,0,0,0,0,0,0,0,0,0,0,0,0,0,0,0,0,0,0,0,0,0,0,0,0,0
acridine dye;aminoglycoside antibiotic;carbapenem;cephalosporin;cephamycin;fluoroquinolone antibiotic;macrolide antibiotic;penam;phenicol antibiotic;tetracycline antibiotic,MDR,0,0,0,0,0.005907636,0.020209417,0,0.005116526,0,0,0,0,0,0,0.011621445,0,0,0,0,0,0,0,0,0,0,0,0,0,0,0,0,0,0,0,0,0,0,0,0,0,0,0,0,0,0,0,0,0,0,0,0,0,0,0,0,0,0,0,0,0,0,0,0,0.010897085,0,0,0,0,0,0.005240493,0,0,0,0.005485657,0,0,0,0,0,0,0,0,0,0,0.005061006,0,0,0,0,0.006104975,0,0
acridine dye;carbapenem;diaminopyrimidine antibiotic;macrolide antibiotic;phenicol antibiotic;tetracycline antibiotic,MDR,0,0,0,0,0,0,0,0,0,0,0,0,0,0,0,0,0,0,0,0,0,0,0,0,0,0,0,0,0,0,0,0,0,0.00947404,0.026785841,0,0,0,0,0,0.005999954,0.005782876,0,0,0,0,0,0,0,0,0,0,0,0,0,0,0,0,0,0,0,0,0,0,0,0,0,0,0,0,0.006068678,0.010368063,0,0,0,0,0,0,0,0,0,0,0,0,0.005027362,0,0,0,0,0,0,0
acridine dye;cephalosporin;fluoroquinolone antibiotic;penam;peptide antibiotic;tetracycline antibiotic,MDR,0.354797558,0,0,0.570307987,0,0,0,0,6.592904535,0,8.137131284,0,5.509985023,0.033082771,1.695228873,0,2.633642347,0,0,0,0,0,0,0.481138933,0,5.009706716,0,0.812390376,0,0,0.850971273,10.9939511,30.05545933,0,0.498872614,1.540326193,0.925349555,3.527247508,0,0,0,0.082848547,10.2591392,0.040915605,4.386032227,0,21.4589324,0,3.186153864,21.86807846,0,18.06678417,0,0,0,5.41540943,26.65411609,0,8.07641663,0,4.323492823,0,0.616987588,0,2.658454821,0,69.47259616,0,191.5909909,0,0,0,8.272906756,0,4.675620809,0,1.909350683,0,1.49311475,0,1.138259153,0,0,4.078023588,0,0.900756858,1.477964174,3.282730411,1.974899471,0,17.21441514,0
acridine dye;fluoroquinolone antibiotic,MDR,0.471688227,0,0,1.229744438,0,0,0,0,3.562385995,0,6.229480706,0,3.507898431,0,1.036737309,0,1.412626372,0,0,0,0,0,0,0.362504476,0,3.072634973,0,1.016865037,0,0,0.503719681,5.558801792,16.46684505,0,0.35994738,0.864287916,1.571746679,4.925290543,0,0,0,0.059274937,4.520190291,0,4.50427955,0,9.374621122,0,2.487270599,9.140541489,0,9.007243797,0,0,0,2.237912613,13.65496893,0,20.41777257,0,6.646684184,0,0.319364825,0,4.886302925,0,40.24787092,0,300.4728237,0,0,0,10.08753302,0,3.990621487,0,1.641402171,0,1.658526046,0,1.833553749,0,0,3.495380777,0.013679101,0.693816472,0.847960655,3.019164502,3.113184757,0,27.51879395,0
acridine dye;fluoroquinolone antibiotic;lincosamide antibiotic;nucleoside antibiotic;phenicol antibiotic,MDR,2.989385768,0,0.014356385,0,0.211003461,0.554255587,0.351511811,0.052213523,0,5.459922722,0,0.028009218,1.816911921,0,0.756045857,0.026965205,1.363926972,0,0,14.91545405,0.447607919,29.52863572,0.481259741,8.567793543,0.071025766,2.394884186,1.143974822,7.048774451,0.025681037,0.394964514,0.145919464,0,0.012530211,0,0.399004494,0.75308631,4.689039599,4.726619199,0.400590067,0.030241636,2.111120573,0.207929645,0.35031207,0.997542415,2.12757173,2.686712978,0.214141894,0.343671751,0.799646909,0.077475358,0,0.025204681,0.053029193,0.219252824,0,0.023534817,1.858203622,0,0,0.015054438,2.751481378,0.05815111,2.576476434,0.111203423,5.004054897,0.129591638,0,0.153004831,0,0.280762584,0.01558614,0.665705495,1.117675844,0,1.830531107,0,8.051871537,0.10278438,8.96345078,0.259260896,6.292755124,0.175792453,0,2.257309077,0.038735211,0.08372889,0.11632044,3.694406155,3.455399719,4.906166162,4.911649761,2.263041405
acridine dye;fluoroquinolone antibiotic;macrolide antibiotic;phenicol antibiotic;tetracycline antibiotic,MDR,0,0,0,0,0,0,0,0,0,0.010348172,0,0,0.063883999,0,0.13135201,0,0,0,0,0,0,1.081152049,0,0.011579473,0,0,0,0,0,0,0,0.010331032,0.005046549,0.053898726,0.144075195,0.131432548,0,0.006366716,0,0,0,0,0,0,0,0,0,0,0,0,0,0,0,0,0.004386806,0.00473933,0.004859691,0,0,0,0,0,0,0,0,0,0,0,0,0.414616652,0,0.010724529,0,0,0,0,0,0,0,0,0,0,0,0,0.098803959,0,0,0,0,0,0.05225353,0
acridine dye;fluoroquinolone antibiotic;nucleoside antibiotic;phenicol antibiotic,MDR,0,0,0,0,0,0,0,0,0,0.01354041,0,0,0,0,0,0,0,0,0,0,0,0,0,0,0,0,0,0,0,0,0,0,0,0,0,0,0,0,0,0,0,0,0,0,0,0,0,0,0,0,0,0,0,0,0,0.012402667,0,0,0,0,0,0,0,0,0,0,0,0,0,0,0,0,0,0,0,0,0,0,0,0,0,0,0,0,0.027217543,0,0,0,0,0,0,0
acridine dye;fluoroquinolone antibiotic;tetracycline antibiotic,MDR,0,0,0,0,0,0,0.005835756,0,0,0.061425301,0,0,0.066431012,0,0,0,0.005971978,0,0,0.166625873,0,0.124371459,0,0.011455689,0,0,0,0,0,0,0.010571072,0.010220593,0,0.024237522,0.115124449,0.040008473,0,0,0,0,0.030699476,0,0,0,0,0,0.006094556,0,0,0,0,0,0,0,0.043399112,0.004688666,0.009615482,0,0,0,0,0,0,0,0,0.014752901,0,0.005080335,0,0.085233123,0.006210221,0.005304942,0,0,0.030710153,0,0,0,0.01093857,0,0.020981736,0,0,0.020441221,0.051446182,0.004765909,0,0,0,0,0,0
acridine dye;fluoroquinolone antibiotic;triclosan,MDR,0,0,0,0.15594359,0,0,0,0,0,0.423258715,0,0,1.689192489,0,1.573771926,0,0.096018211,0,0,0.255145868,0,0.45706511,0,1.170896701,0,0,0,1.848188106,0,0,0.012140215,0.039125707,0.068804286,0,1.699884449,0.137841691,0,0,0,0,0,0,0,0,0.338627488,0,0.153982772,0,0,0.694857113,0,0.103800529,0,0,0,0.01076928,0.02208556,0,0,0,0,0,0,0,0,0,9.719547554,0,0,0.073413686,0,0,1.101555519,0,2.839129662,0,1.029259352,0,0.527615068,0,0.481924238,0,0,3.873451681,0.378129436,0.010946698,0.224736168,0,0,0,0.237473632,0
acridine dye;nucleoside antibiotic,MDR,0.152056096,6.088687248,6.930923533,0,0.410218697,1.774951724,1.496177825,0.3349932,0.320734906,20.00541759,0.145518662,0.023532335,2.141206346,0.019931014,0.960548768,0,2.975999756,0.052013728,0,44.72360179,1.61074007,88.47161665,1.672915567,28.27352108,0.982335313,7.072961116,5.20339002,23.73743879,0.036992424,1.316430225,0.35748866,0.015353336,0.057153319,0,0.692612518,2.099218192,0,0,1.237752386,0.440072694,2.960205262,0.245726298,0.588639134,2.999008058,7.150782903,8.366069768,0.454669995,0.821918945,3.765784238,0.234062966,0,0.010588032,0.285785031,0.395865126,0,0.029659657,6.206696204,0.018864037,2.307547608,1.839425296,22.60687081,0.784709221,53.58893343,1.17845106,0,0.26426968,0,11.30446064,0,44.97366134,0.099079059,52.37801087,4.04133551,0.174296508,4.608914997,0.069687697,24.33390688,0.937413029,24.82207996,0.349985942,15.58650302,0.832393843,0.015121616,3.295138175,0.094347136,0.182109858,0.555971081,0.10562845,0,16.1051166,0,7.162492975
aminocoumarin antibiotic,MDR,183.8044881,4.679728752,4.308955283,0,1.213390726,1.31081082,1.02046508,0.294148376,0,14.81328589,0.192627118,0.005601844,14.06005123,0.009420676,7.907494119,0.010786082,4.441760444,0.040386503,0.005201827,43.47738649,1.36107245,104.7082945,1.534041542,18.10456123,0.659030573,19.45352246,3.268129781,17.3694026,0.028020356,1.427630168,0.823362165,0.064530348,0.069880025,0.10551712,3.832047911,2.428261315,289.251401,251.0627507,1.675497037,0.246467582,25.79833848,1.934851693,4.19891953,2.532938526,6.16020404,7.488101386,0.455210651,0.542406391,1.01817348,0.112720781,0.016817716,0.144852752,0.120882847,0.509870174,0.724486483,0.072125271,5.707915051,0.06238105,9.538962045,0.559319125,327.9228716,0.755119655,359.1308678,0.824935966,313.130982,0.238845041,0.06360209,8.95568541,0.269230178,48.33617333,22.39679053,54.31361167,4.67867897,0.050301672,4.255822764,0.034468835,35.10280358,0.586629864,54.4114969,0.230124871,45.77131147,0.729454844,0.050017476,6.696787801,0.284162617,0.672028912,0.33688229,212.2471537,224.0805534,11.25056645,268.6967808,5.775806702
aminocoumarin antibiotic;aminoglycoside antibiotic,MDR,231.9880148,5.288991592,5.055509614,0,1.408065082,1.707709949,1.209802437,0.284283605,0.542413798,15.57855161,0,0,17.94975632,0,10.17578311,0,5.711190285,0,0,52.1414093,2.064846901,127.8776704,1.801665128,23.02723744,0.675272799,22.59613869,3.788473041,23.58281279,0.01151994,1.409598354,0.596425532,0.075810955,0.077372791,0.073032144,4.196297004,3.189732206,325.85261,321.293581,2.861519923,0.371306595,32.739315,2.137984107,5.366040774,2.540633593,8.055894086,7.381495209,0.584957711,0.631184998,3.824595125,0.203193394,0,0.23237103,0.163470272,0.562745931,0,0.071876893,5.83071369,0.041565512,3.297870124,0.98159658,361.7119078,0.824825164,384.8609686,0.882070832,351.9669719,0.359371957,0.170452696,11.05787651,0.375689924,53.31417666,32.6234668,60.11269791,7.109892364,0.121807091,6.246757389,0,47.40835613,0.898330015,78.20906623,0.287279383,62.68471743,0.79061135,0.153382372,8.930459708,0.214660183,0.962460692,0.419875091,259.8409155,297.5918948,13.40401609,343.4862193,6.918488721
aminocoumarin antibiotic;aminoglycoside antibiotic;carbapenem;cephalosporin;cephamycin;fluoroquinolone antibiotic;glycylcycline;macrolide antibiotic;penam;penem;peptide antibiotic;phenicol antibiotic;rifamycin antibiotic;tetracycline antibiotic;triclosan,MDR,28.02685681,1.585371367,1.450719984,0,0.274639426,0.661929858,0.655090193,0.054059455,0,4.703254643,0,0,3.535360441,0,1.743592387,0,1.762855551,0.011996381,0,19.62819121,0.370745953,35.47194603,0.472049029,6.894137716,0.164722382,4.521535651,1.134838073,7.060739146,0,0.26171386,0.15382511,0.007082148,0,0,0.91169261,0.64456074,37.46450592,36.40012542,0.575123247,0.025048628,5.118179361,0.393656124,0.870472417,1.044959761,1.225899917,2.367170268,0.228047212,0.204953335,1.040810262,0.025668603,0.03023441,0.041753209,0.054903962,0.157389569,0,0.019493485,1.898912005,0.026142888,3.997418332,0.31173332,47.64510927,0.41422387,58.29839836,0.253296686,41.83150269,0.030668151,0,3.147159967,0,15.52553618,5.176802647,18.79145401,2.599225952,0.023183826,1.54811743,0.012045707,12.27191757,0.113512716,19.03251445,0.146928291,14.6442659,0.266944096,0.020864775,2.209634046,0.128334839,0.118887774,0.117756495,29.32738295,31.43561194,4.257202384,39.59237157,1.909805096
aminocoumarin antibiotic;aminoglycoside antibiotic;cephalosporin;diaminopyrimidine antibiotic;fluoroquinolone antibiotic;macrolide antibiotic;penam;phenicol antibiotic;tetracycline antibiotic,MDR,0,0,0,0,0,0,0,0,0,0.264975084,0,0,0.107983594,0,0.149822284,0,0,0,0,0,0,0.024540409,0,0,0,0,0,0,0,0,0.020858356,0.010083404,0.035353165,0.004782437,0.323095791,0.336702148,0,0,0,0,0,0,0,0,0,0,0.01803825,0,0,0,0,0.00990788,0,0,0.102944258,0.004625731,0.004743208,0,0,0,0,0,0,0,0,0.031692557,0,0,0,0.26829662,0,0.114921372,0,0,0,0,0.038443302,0,0.070146331,0,0.077625381,0,0,0.010083421,0.005075563,0.004701937,0,0,0,0,0,0
aminocoumarin antibiotic;carbapenem;cephalosporin;cephamycin;diaminopyrimidine antibiotic;fluoroquinolone antibiotic;macrolide antibiotic;monobactam;penam;penem;peptide antibiotic;phenicol antibiotic;sulfonamide antibiotic;tetracycline antibiotic,MDR,1.869810268,0.009149359,0.045018111,0,0.035445815,0.040418834,0.022963646,0.035815681,0,0.120853986,0,0.005489378,1.604789365,0.0046493,0.75451397,0.015854303,0.005874919,0.005677064,0,0.054639268,0,0.1957602,0,0,0.011135971,0,0.03128394,0,0.060397086,0.012385121,0.088393766,0.003351495,0.00491146,0.462565926,0.302009072,0.170869223,2.609556517,2.507830294,0.047105715,0.077049675,0.060401072,0,0,0,0,0.020649202,0.017986515,0,0,0.006073594,0,0.004939732,0.015589366,0,0.123811942,0.018449857,0.004729604,0.315476676,0,0.135720223,2.379781064,0.209699798,2.652262471,0.239735869,2.661949443,0.522472705,0.012501098,0.10995089,0,0.251543643,0.256590186,0.219186398,0.06739919,0,0.083080359,0.005700406,0.140554496,0.06267074,0.269019792,0.085576707,0.242528603,0.051678948,0.024684665,0.067677556,0.074554034,0.032819163,0,2.101658826,2.087125116,0.189254217,2.671554357,0.094841075
aminocoumarin antibiotic;macrolide antibiotic,MDR,0,0,0,0,0,0,0,0,0,0,0,0,0,0,0,0,0,0,0,0,0,0,0,0,0,0,0,0,0,0,0,0,0,0,0,0,0,0,0,0,0,0,0,0,0,0,0,0,0,0,0,0,0,0,0,0,0,0,0,0,0,0,0,0,0,0,7.437808988,0,0,0,0,0,0,0,0,0,0,0,0,0,0,0,0,0,0,0,0,0,0,0,0,0
aminocoumarin antibiotic;macrolide antibiotic;monobactam;tetracycline antibiotic,MDR,0,0,0,0,0,0,0,0,0,0.040434656,0,0,0.051092481,0,0.052486298,0.015899905,0,0.005693393,0.010224108,0,0,0.220863678,0.004978465,0,0.005584001,0,0.015686961,0,0,0,0.005214589,0.003361135,0,0.139142035,0.075755981,0.034537515,0,0,0,0,0,0,0,0.011533258,0,0.020708596,0.00601275,0.010807702,0,0.006132219,0.014349025,0,0.015634206,0.011491679,1.108978197,0,0.009486415,0,0,0,0,0.022386812,0,0,0,0,0,0,0,0.078833488,0.055141762,0.052337345,0.033796526,0.016504306,0.022723452,0.028584012,0.019221651,0,0,0,0.010385017,0,0.004951133,0,0.030453377,0.018807749,0,0,0,0,0,0
aminoglycoside antibiotic,aminoglycoside antibiotic,122.3361595,8.292018636,8.595387899,5.702167883,15.58441411,5.461885876,7.992205882,27.03394242,1005.347663,552.0618968,929.9457237,96.70540679,1076.922089,87.19561909,795.1740576,80.48416817,432.3831933,119.6098669,247.3180518,890.3147902,249.0088116,1130.459268,251.8529684,233.9978282,125.7120824,797.1112445,164.4444771,222.9033544,77.00700702,233.8272809,640.9288839,1335.259894,1389.347435,110.5017879,439.1216774,462.5587955,188.1264128,175.0283408,24.07358617,23.71612663,24.26447643,16.38442931,722.3088937,147.566111,1031.013038,178.513719,856.5954996,192.1667945,1119.384395,679.5223377,145.4942459,851.356158,227.7598462,203.174403,56.7485866,380.4915391,1196.482594,7.79160375,53.77074656,16.71788919,186.8391826,15.96387671,216.8363067,18.73742341,191.8267359,3.483582641,324.358695,32.47811309,553.9744357,54.80930829,18.99666802,62.17905875,1852.076864,144.8927621,1860.301088,118.5126497,1831.81458,123.4892537,1712.744673,136.1045176,1664.830771,177.3332286,201.0146368,2104.083091,241.8831626,800.7798382,1874.713379,182.864554,175.9408296,37.05905903,220.9660355,14.75889184
aminoglycoside antibiotic;cephalosporin;cephamycin;penam,MDR,0.994380192,0.041054369,0.028055853,0,0,0.025189526,0.022897973,0,0,0.03012709,0,0,0.185988305,0.004636003,0.081117464,0.005269654,0,0,0,0.054483007,0,0.317200572,0,0.022474555,0.005552062,0.096356721,0,0.060716306,0.005018697,0,0.091989922,0.00668382,0.027331416,0.185759705,0.059153554,0.07332495,1.115182943,1.297499173,0.028466265,0.02954974,0.132502331,0.011609854,0.068459461,0,0,0,0,0,0,0,0.004755651,0.004925605,0.005181594,0.005712975,0.042571675,0.05885805,0.083078068,0.098690025,0,0.064724039,1.226878671,0.054547848,1.169761137,0.103226247,1.081396402,0.224310189,0,0.099669496,0,0.297576115,0.207121825,0.218559554,0.016801609,0,0.0376558,0.005684104,0.057335125,0,0.091205147,0,0.113199363,0,0,0,0.033210147,0.039702832,0,1.111715899,1.217697786,0.042612607,1.202535686,0.005562932
aminoglycoside antibiotic;cephalosporin;fluoroquinolone antibiotic;macrolide antibiotic,MDR,0,0,0,0,0,0,0,0,0,1.021750634,0,0,0.09052132,0,0.05816283,0,0,0,0,0,0,0.048986883,0,0,0,0,0,0,0,0,0.209615223,0.017635733,0.004916159,0.004773284,1.402111284,0.58319259,0,0,0,0,0,0,0,0,0.072586179,0.010334481,0,0,0,0.034486247,0,0.004944459,0,0,0.008546926,0,0.012652597,0,0,0,0,0,0,0,0,0,0,0,0,0.005245507,0,0,0.252988827,0.021963625,0.438885307,0,0.055461101,0,0.064626535,0,0.058599685,0,0,0.445768425,0.010131698,0,0.033835953,0,0,0,0,0
aminoglycoside antibiotic;fluoroquinolone antibiotic,aminoglycoside antibiotic,0,0,0,0,0,0,0,0,0,0.10587376,0,0,0.046979641,0,0.017754671,0,0,0,0,0,0,0.900349363,0,0,0,0,0,0.040007164,0,0,0,0.003413499,0.051632027,0.004856945,0.050318397,0.050913739,0,0,0,0,0.006151852,0,0,0.03022409,0,0.081403512,0,0,0,0,0,0,0,0,0,0.014093391,0.12430064,0,0,0,0,0,0,0,0,0,0,0,0,0.010674888,0,0.021261091,0,0,0.039699432,0,0,0,0.113123499,0,0.108493497,0,0,0,0.020618548,0,0,0,0,0,0,0
aminoglycoside antibiotic;fluoroquinolone antibiotic;rifamycin antibiotic;tetracycline antibiotic,MDR,0,0,0,0,0,0,0,0,0,0,0,0,12.15625893,0,6.525869506,0,0,0,0,0.401071399,0.117077669,0.449046424,0.054658309,0.041361066,0,0,0,0.083804481,0,0.045455565,0,0,0,0,0,0.036112911,0,0,0,0,0,0,0,0,0,0,0,0,0,0,0,0,0,0,0,0,0.086792377,0,0,0,0,0,0,0,0,0,0,0,0,0,0,0,0,0,0.221759632,0,0.117240831,0,0.414686931,0,0.397714319,0,0,0.184508916,0,0,0,0,0,0,0,0
aminoglycoside antibiotic;phenicol antibiotic;tetracycline antibiotic,MDR,0,0,0,0,0,0,0,0,0,0,0,0,0,0,0,0,0,0,0,0,0,0,0,0,0,0,0,0,0,0,0,0,0,0,0,0,0,0,0,0,0,0,0,0,0,0,0,0,0,0,0,0,0,0,0,0,0,0,0,0,0,0,0,0,0,0,0,0,0,0,0,0,0,0,0,0,0,0,0,0,0,0,0,0,0.050417258,0,0,0,0,0,0,0
antibacterial free fatty acids,antibacterial free fatty acids,0,0,0,0.072773675,0,0,0,0,0,0,0,0,0.128019509,0,0.059822989,0,0.024193565,0,0,0,0,0,0,0.04640907,0,0,0,0,0,0,0.021412663,0,0,0,0,0,0,0,0,0,0,0,0,0,0,0,0,0,0,0,0,0,0,0,0,0,0,0,0,0,0,0,0,0,0,0,0,0,0,0,0,0,0.034694662,0,0.139963941,0,0.065774876,0,0.088628253,0,0.127501216,0,0,0,0,0,0,0,0,0,0,0
bicyclomycin,MDR,0,0,0,0,0,0,0,0,0,0,0,0,0,0,0.030238884,0,0,0,0,0,0,0,0,0,0,0,0,0,0,0,0,0,0,0,0,0,0,0,0,0,0,0,0,0,0,0,0,0,0,0,0,0,0,0,0,0,0,0,0,0,0,0,0,0,0,0,0,0,0,0,0,0,0,0,0,0,0,0,0,0,0,0,0,0,0,0,0,0,0,0,0,0
carbapenem,beta-lactam,0,0,0,0,0,0,0,0,0,0,0,0,0.336582168,0,0.632704762,0,0,0,0,0,0,0,0,0,0,0,0,0.05087173,0,0,0,0.045404188,0,0,0.181853998,0,0,0,0,0,0,0,0,0,0,0,0,0,0,0,0,0,0,0,0,0,0.020699437,0,0,0,0,0,0,0,0,0,0,0,0,0,0,0,1.734733101,0,3.794455979,0,0.603581214,0,1.681677653,0,0.997259509,0,0,3.271037983,0.016913138,0.031336234,0,0,0,0,0,0
carbapenem;cephalosporin,beta-lactam,0,0,0,0,0,0,0,0,0,0,0,0,0,0,0,0,0,0,0,0.28938063,0,0.129598209,0,0,0,0,0,0,0,0,0.027538311,0,0.026012084,0,0.099968826,0,0,0,0,0,0,0,0,0,0.129884516,0,0,0,0,0,0,0,0,0,0,0,0,0,0,0,0,0,0,0,0,0,0,0,0,0,0,0,0,0,0,0,0,0,0,0,0,0,0,0,0,0,0,0,0,0,0,0
carbapenem;cephalosporin;cephamycin;fluoroquinolone antibiotic;glycylcycline;monobactam;penam;penem;phenicol antibiotic;rifamycin antibiotic;tetracycline antibiotic;triclosan,MDR,136.0977569,1.01730787,0.926947711,0,0.639598738,0.291286126,0.189133652,0.126422506,0,2.903191887,0,0,9.292489439,0,5.720235644,0,1.607311188,0,0,22.62081658,0.087577784,51.63500658,0.491622817,3.446622006,0.045859156,11.50191356,1.245363545,5.228919602,0,0.510032916,0.387500127,0.028271479,0,0,2.154635802,0.980332064,205.3087419,173.6658022,0.955679152,0.049996253,14.14959689,0.779924791,2.827321827,0.899821145,2.090424809,1.998338702,0.298671181,0.221898296,0,0,0,0.081369444,0.042799152,0.191036391,0,0.075978543,2.03032325,0.103128115,9.423682726,0.291605656,192.1918918,0.150185545,196.735046,0.359003177,219.9374775,0.059766672,0,1.524016397,0,18.18749945,12.44383261,18.79343087,1.685489065,0,1.758328361,0,13.88656154,0.036869288,27.239965,0.044051789,23.3957876,0.236466226,0,3.019265562,0.12505068,0.23169074,0.041724742,147.3931293,149.2859668,3.3688885,181.7722225,1.657496898
carbapenem;cephalosporin;cephamycin;monobactam;penam,beta-lactam,0.401461091,0,0,1.50856153,0,0,0,0,1.459683617,0,2.536343949,0,5.126287206,0,1.416635182,0,1.21229302,0,0,1.503040163,0,0.524371891,0,0.335224361,0,6.338901358,0.018645584,0.641922177,0,0,0.389632174,2.254142827,0.671119184,0,0.114369683,0.871332294,0.81622668,2.174706348,0,0,0,0.054694924,10.38067769,0,11.518509,0,3.780818828,0,5.117911519,2.999000892,0,2.986386422,0,0,0,2.489294605,32.57172334,0,0,0,0.63423463,0,1.265229075,0,1.849046952,0,920.218558,0,263.9607089,0,0,0,3.741826029,0,9.533656388,0,7.229565287,0,4.538151228,0,3.723495995,0,0,11.22927075,0,1.035077759,0.476995431,1.796871367,0.841705005,0,18.42402172,0
carbapenem;cephalosporin;cephamycin;monobactam;penam;penem,beta-lactam,51.03962093,0.243094067,0.204597683,0,0.181746679,0.070651906,0.016056132,0.042929567,0,1.154844932,0,0,4.663345574,0,2.583969248,0.014780393,0.39434217,0,0,11.0026539,0.163564391,26.75908465,0.124954155,1.843829883,0.015572494,6.524910556,0.262483963,2.511893666,0,0.034638599,0.058169159,0.018746863,0,0,0.482660793,0.275191967,88.21104939,69.07628541,0.278128041,0.016576298,6.250380399,0.521015459,1.728143769,0.273390635,0.405628649,0.57751511,0.100609064,0.075350491,0.500924725,0,0,0.0276308,0.029066804,0.112166775,0,0.0129001,0.423286887,0,2.116280293,0.066014115,80.80365323,0.012749709,85.1195417,0.045715311,90.12268465,0.0405902,0.034962963,0.489219991,0.156071462,3.517575537,2.050369245,3.736494584,0.518379068,0,0.612581336,0,5.181793965,0.087638494,8.020501425,0.014958763,7.836551995,0.016059471,0,0.984211997,0.014154578,0.078675733,0.070842811,60.17680785,63.30936291,0.46100721,76.64175753,0.561707381
carbapenem;cephalosporin;cephamycin;monobactam;penam;penem;phenicol antibiotic,MDR,0,0,0.011158517,0.423811812,0.005857239,0.020037015,0,0,0,0.019970501,0,0,0,0,0,0,0,0,0,0,0,0,0,0.027933421,0,0,0,0,0,0,0,0.006645807,0,0,0.048123111,0.00487781,0,0,0,0,0.084423503,0.011543826,0,0,0,0,0,0,0,0,0,0,0,0,0,0.009146232,0,0,0,0,0,0.013559406,0,0,0,0.007194661,0,0.004955133,0,0.025978935,0.018171519,0.087961465,0,0,0,0,0,0,0,0,0,0,0,0,0.140499279,0,0,0,0,0,0,0
carbapenem;cephalosporin;cephamycin;penam,beta-lactam,2.74285126,0,0,0,0.324419956,0.027741536,0,0,0,0,0,0,0.031035033,0,0,0,0.032258086,0,0,0,0,0.268720695,0,0.635152908,0,0,0,0.125431772,0,0,0,0,0,0,0.296120631,0.013506797,4.029430099,1.5314675,0.617883016,0.081358732,2.886236708,0.032007247,0,0,0,0,0.14831417,0,0,0.066697946,0,0,0,0,0,0,0,0,0,0,3.967782662,0,4.8098327,0,1.909847066,0,0,0,0,4.057214094,9.729719609,2.851176446,0,0,0,0,6.31868076,0,7.50988391,0,7.27297505,0,0,0,0,0,0,3.5593447,4.119846544,0,1.935428146,0
carbapenem;cephalosporin;diaminopyrimidine antibiotic;fluoroquinolone antibiotic;lincosamide antibiotic;macrolide antibiotic;penem;phenicol antibiotic;rifamycin antibiotic;tetracycline antibiotic,MDR,0.073944104,0,0,3.77754667,0,0,0,0,0.517754605,5.146081649,0.282646101,0.057219554,11.9695975,0,8.734794578,0,0.800202487,0,0,2.220263663,0,5.918761714,0,8.51141767,0,0.136481502,0,11.54597755,0,0,0.303827444,0.110296092,0.434895692,0.009429267,11.71058105,1.347990766,0,0,0,0,0.02610724,0,0.27150841,0,1.957548481,0,0.86451649,0,0.70830188,4.215345132,0,1.137187583,0,0,0.004220953,0.04644945,0.285654177,0,0,0,0,0,0,0,0,0.014348521,39.87055986,0,0,1.055408277,0,0.011278482,12.52347095,0,21.83139132,0.011271503,8.06972199,0,3.875032211,0,3.216580888,0,0,29.7595769,3.492603942,0.013905824,1.374800166,0.027695212,0,0.012071462,0.73163729,0
carbapenem;cephalosporin;penam,beta-lactam,0,0,0,0,0.067411495,0,0,0,0,0.290970582,0,0,5.335585554,0,3.490719386,0,0.022346056,0,0,7.793546509,0,19.60441695,0,0.067945751,0,7.169559985,0,0.055674306,0,0,0.057678674,0.236513614,0,0.03627696,0.761166341,0.072567628,0,0,0,0,6.605131719,0.596161919,1.255489063,0.021871251,0.82443525,0,0,0,0.163763852,0,0,0,0,0,0,0.035088273,0.142707607,0,0,0,0,0,0,0,0,0,0,0,0,0,0,0,0.064090503,0.020865444,0.286071279,0,0.892588064,0,2.753891596,0,2.837998992,0,0,0.18386378,0,0.141742924,0.154153957,0,0,0,0,0
cephalosporin,beta-lactam,0,4.865944438,5.031040019,0,5.657479383,3.053021622,2.292446819,3.579977844,0,0.396374538,0.175802219,0,0.182850733,0,0.078654734,0,0,0.040123031,0,5.892028289,0.095553081,19.79289986,0.303592915,0,0,0,0,0.041792261,0,0.289369191,0.037380181,0.024093906,0,0,0.131359302,0.579399832,0,0,0.739828502,1.110051946,0.19283338,0.884604161,0,0.062006123,0.521323418,0.074740829,0,0,0,0,0,0.03551175,0.036726299,0,0,0,0.017000569,0.765076914,0,1.648058667,0,4.542859051,0,4.062587895,0,1.646447754,9.752379247,7.664887263,0,15.90762138,8.095841404,18.38651588,0.74210056,0,1.330557791,0,9.86216086,0,6.824972108,0,3.100423117,0,0,0.636555759,0.0178845,0.194607963,0.072839069,0,0,8.970568958,0,14.09592444
cephalosporin;cephamycin,beta-lactam,0,0,0,0,0,0,0,0.02809389,0,0.013824723,0,0,0.077915128,0,0.064063739,0,0.774194076,0,0,3.00251517,0.189751866,5.174291427,0.054514848,0,0,3.865757938,0,0.041792261,0,0.136008778,0.028550217,0,0,0,0.014806032,0.081040784,0,0,0,0,0.066330206,0,0,0,0,0,0,0,0,0,0,0,0,0.015729424,0,0,0,0,0,0.048600943,0,0,0.014002961,0,0,0,0,0.054883623,0,0,0,0,0,0,0.062206196,0,0.825118918,0,1.449075832,0,1.728873125,0.03152883,0,0.331244353,0.01389452,0.025879265,0.013908247,0,0,0,0,0
cephalosporin;cephamycin;fluoroquinolone antibiotic;glycylcycline;penam;phenicol antibiotic;rifamycin antibiotic;tetracycline antibiotic;triclosan,MDR,0,1.370282874,1.391264247,0,0.196616861,0.288259777,0.382135946,0.072980265,0,5.219335752,0,0,0.295608686,0,0.221018753,0,0.726246829,0,0,16.10666279,0.379171997,25.47930234,0.542856383,7.635346823,0.15883944,1.837785458,1.041186387,5.862504371,0,0.353313711,0.049443785,0,0,0,0.205130837,0.561391613,0,0,0.074655422,0.140898532,0.545641316,0.193752624,0,0.628798461,2.241098285,2.13536212,0.285059015,0.204953335,0.638679025,0,0,0.046972361,0.197654265,0.299645526,0,0.02193017,2.248711585,0.029410749,0,0.168335993,5.825906579,0.238419553,14.1623397,0.284958772,0,0.06900334,0,2.898977889,0,13.80355267,0.058093795,16.4756058,1.041470673,0.078245414,0.682288867,0,6.682727389,0.255403612,4.297664553,0.152579379,2.257157886,0.273011007,0,0.669264158,0,0.066874373,0.096346223,0,0,3.541218346,0,1.538454105
cephalosporin;cephamycin;fluoroquinolone antibiotic;macrolide antibiotic;penam;tetracycline antibiotic,MDR,43.97029447,1.082763202,0.81632293,0,0.270630091,0.385749093,0.131496207,0.078129724,0,4.382941829,0,0,3.10712779,0,2.129523755,0,1.300801451,0,0,15.43539382,0.284148358,25.78247572,0.416919215,3.785896133,0.042511772,4.74298124,0.636944053,3.89354395,0,0.425523813,0.119098169,0,0.037499173,0,1.194101041,0.525877788,74.46699886,54.78368927,0.439576935,0,2.582520558,0.3111356,1.048379188,1.053651499,1.937839056,2.088960678,0.366207202,0.041140268,0.683743968,0.046372112,0.072827412,0,0.039675126,0,0,0,1.336095788,0,2.888645364,0.135160286,70.16602814,0.278446193,82.44135702,0.083199641,75.55170128,0.055404141,0,2.175013924,0,15.88450671,4.384597396,17.1732581,1.929732296,0.08376638,1.095646356,0,11.1216193,0.068356198,17.08907977,0.204181651,14.14394873,0.131523551,0,1.842395597,0.077281928,0.107389504,0.077358282,52.54165772,52.55250739,2.843314001,61.79167916,0.937090092
cephalosporin;cephamycin;fluoroquinolone antibiotic;penam,MDR,49.42209891,3.735007537,3.811257317,0,0.309566973,0.772197416,0.833796408,0.12289078,0,11.06785609,0,0,4.793124528,0.004703257,2.447497182,0,2.63856663,0.005742948,0,23.32220767,1.096410213,62.21814288,0.812957385,16.77341524,0.357911768,7.576974784,2.464397306,14.47707935,0.010183003,0.641835343,0.332580843,0.015886399,0.053375446,0.033768447,0.933688233,1.416987695,58.5496048,63.03515368,0.840648789,0.126251937,6.706211969,0.651002085,2.139139663,1.434095921,4.466476919,4.899030838,0.432007371,0.435603707,2.413650214,0.092512299,0,0.033408913,0.091317472,0.251705554,0,0.051592559,3.948846902,0.08993074,3.969472854,0.827524048,74.27507699,0.467352393,93.82822779,0.616058975,66.54342953,0.211414487,0,7.387633972,0.02822569,30.51510143,2.827525666,37.38868046,3.427088671,0.089106226,3.368330578,0,17.46372645,0.398113938,24.25577241,0.273158827,16.29302887,0.574567845,0.004994228,4.620334716,0.107807116,0.160037759,0.284353139,48.64282617,56.32226879,8.61086528,64.9493731,4.469756608
cephalosporin;cephamycin;monobactam;penam;penem,beta-lactam,0,0,0,0,0,0,0,0,0,0,0,0,0,0,0,0,0,0,0,0,0,0,0,0,0,0,0,0,0,0,0,0,0,0,0,0,0,0,0,0,0,0,0,0,0,0,0,0,0,0,0,0,0,0,0,0,0.025370079,0,0,0,0,0,0,0,0,0,0,0,0,0,0,0,0,0,0,0,0,0,0,0,0,0,0,0,0.909449771,0,0,0,0,0,0,0
cephalosporin;cephamycin;penam,beta-lactam,0,0,0,0,0,0,0,0,0,0.055010126,0,0,5.171343665,0,9.426644855,0,0,0,0,0,0,0,0,0,0,0,0,0,0,0,0,0,0,0,0.03723497,0.097601389,0,0,0,0,0,0,0,0,0.198048453,0,0,0,0,0,0,0,0,0,0,0,0,0,0,0,0,0,0,0,0,0,0,0,0,0,0,0,0.09203597,0,0.556932235,0,0.069793498,0,0.191025125,0,0.169113884,0,0,0.329514617,0,0,0,0,0,0,0,0
cephalosporin;fluoroquinolone antibiotic;fusidic acid;macrolide antibiotic,MDR,0,0,0,0,0,0,0,0,0,0,0,0,0,0,0,0,0,0,0,0,0,0,0,0,0.042939251,0,0,0.021693258,0,0,0,0,0,0,0,0,0,0,0,0,0,0,0,0,0.036467576,0,0,0,0.095196061,0,0,0,0,0.040992782,0,0,0.00951378,0,0,0,0,0,0,0,0,0,0,0,0,0,0,0,0,0,0,0,0,0.05955491,0,0.065777393,0,0,0,0,0,0,0,0,0,0,0,0
cephalosporin;fluoroquinolone antibiotic;glycylcycline;penam;phenicol antibiotic;rifamycin antibiotic;tetracycline antibiotic;triclosan,MDR,116.0121618,2.051235935,1.771680359,0,0.526460412,0.396693053,0.576694993,0.117343546,0.241013877,5.273433279,0,0,8.083822011,0.050996035,5.333228406,0.031617924,2.137163384,0.047385848,0.015248443,16.41777314,0.681144078,54.87638164,0.579705682,8.326046558,0.166561853,8.308645034,1.379510519,8.344064912,0.195729165,0.541791663,0.486028326,0.040102917,0,0.36788209,3.5520909,1.546580557,153.6449784,145.7978453,0.883185261,0.205321442,11.86018833,0.811190141,1.848405442,1.030574971,2.711602384,2.524609506,0.283199836,0.320988542,1.506520764,0.072674692,0.009511302,0.02955363,0.12435826,0.108546521,0.123457856,0.027595639,2.288709691,0.037008759,10.32588601,0.300084181,163.4667098,0.326112795,179.5854807,0.266215058,171.7999761,0.217074376,0.062326731,3.943838884,0.306042895,21.38821152,10.21407573,22.82863216,2.876855577,0.032819811,2.422836945,0.011368208,20.07462003,0.316921228,29.62421088,0.355949865,25.21048445,0.3363362,0.009845628,3.9082449,0.300160516,0.437038654,0.106081876,119.7979303,128.4862583,4.170227008,157.0957598,2.717214091
cephalosporin;monobactam,beta-lactam,0.068445198,0,0,0,0,0,0,0,0,0.070464476,0,0,0.062070065,0,0,0,0,0,0,0.573438205,0,0.599229175,0,0,0,0,0,0,0,0,0.491130578,0,0.137455161,0.066730195,0.082151192,0.671229102,0.523636126,0.187124646,0.014369372,0,0.265320822,0,0,0,0,0,0,0,0,0,0,0,0,0,0,0,0,0,0,0,0.667247711,0,0.616130264,0,0.12821288,0,0,0,0,0,0,0.01432752,0,0,0,0,0.666518742,0,1.278440317,0,1.562233402,0,0,0,0,0.025743416,0,0.457370794,0.426702689,0,0.179507628,0
cephalosporin;monobactam;penam,beta-lactam,0,0,0,0,0.042543238,0,0,0,0,0,0,0,0,0,0.084052767,0,0,0,0,0,0,0,0,0.64959885,0,0,0,2.02898966,0,0,0,0,0,0.070502927,0.058423957,0.053052472,0,0,0,0,0.325667633,0.041851328,0,0,0,0,0,0,0,0,0,0,0,0,0,0,0,0.034325542,0,0,0,0,0,0,0,0,0,0,0,0,0.087915139,0,0,0,0.027242024,0,0,0,0,0,0,0,0,0.072281843,0,0,0,0,0,0,0,0
cephalosporin;monobactam;penam;penem,beta-lactam,0,0,0,0,0,0,0.041992961,0,0.147333075,0.297063152,0,0,4.035878345,0,6.158496371,0,0.778404175,0,0,19.24904267,0.666174628,52.84194694,0.728062671,20.18638317,0.14387151,2.389368982,0,10.58666013,0,0.568415468,0.363791473,0.024515128,0,0,0.675106036,1.465643682,0,0,0,0,0.178161432,0,0.761451851,1.478936288,7.37968728,5.607108799,0.263843848,0,2.139571776,0.045148158,0,0,0,0.31635596,0,0.033738724,4.437349286,0,0,0,0,0,0,0,0,0.053079492,0,0,0,0,0,0,4.958070496,0,3.502041895,0.020848339,29.36804296,0.460544511,43.61983613,0.43416552,39.28477233,0.317059714,0,5.174471051,0,0.223471708,0.482333113,0.096783267,0,0.450265324,0,0
cephalosporin;penam,beta-lactam,0.789221883,0.253083731,0.150375277,6.5783153,1.961330077,0.339332727,0.326512985,15.05929115,103.8646206,18.62350933,97.79949452,0.691675791,69.90649266,3.098831637,113.7481535,0.707773946,121.7505736,0.86292916,0.35026898,20.48203622,10.55930449,11.38737211,8.858763889,24.07101296,1.892580879,8.294186819,1.063927791,30.97852051,1.279846993,7.121958751,13.73693103,1.011736127,1.056200746,4.225858921,8.366819432,5.447599671,0.515389957,0.490752485,0.259750007,0.203634374,0.475152644,1.752342699,78.43282505,1.514304741,97.94189995,2.245260655,36.64757241,0.434132538,136.1252558,65.63260398,1.535833124,41.09303641,2.345830505,1.094964059,0.960407313,0.530723625,2.146504699,0.04722894,0,0.180213715,0.013828404,0.41766929,0,0.270398835,0.467658991,1.301997321,8.06521541,6.658595259,0.382135478,14.68344961,2.274209648,13.04928544,264.285036,0.439697342,251.7152206,0.541638957,34.79197235,0.359545107,57.0301025,0.528190583,72.09217136,0.587096256,0.245008814,266.5355309,5.085436499,3.014884113,2.569239259,0.758606902,0.363835265,1.561492115,2.562038995,3.918275711
cephalosporin;penam;penem,beta-lactam,0,0.016848996,0,0,11.35788751,0,0,26.06217758,0.593482527,5.359952306,1.052956249,4.468160609,0.874335549,18.04851553,0.256817565,11.97055709,3.418789244,10.91459468,8.636131113,0.804967245,7.460609581,0,9.416048405,7.201413102,26.06495556,0.559285816,23.00595944,9.026686872,30.53104597,28.16764533,4.67278592,0.061719425,0.361787792,0.017563669,5.462330832,2.065683927,0.063862152,0.136929239,16.59768773,15.28054499,1.001083956,2.680179655,2.022928856,8.704218741,1.201889113,5.285686711,0.375394619,52.31361711,0.494751357,0.44739291,21.50049839,0.38206392,42.92890562,15.31990509,0,4.298004526,3.57101734,11.36870428,0,12.32290593,0,6.91752506,0.018785662,8.468493077,0,2.111405004,0,0,0,0,0,0,1.179129852,6.626982455,1.084884819,35.60778845,3.953162681,54.65547361,6.638537005,57.46261191,4.542305635,55.64233485,9.709834688,0.629539223,1.137051191,12.89921881,3.17196193,0.377591057,0,4.204736861,0.107030369,32.95833443
cephalosporin;penam;peptide antibiotic,MDR,0,0,0,0,0,0,0,0,0,0,0,0,0.004071745,0,0,0,0,0,0,0,0,0,0,0,0,0.009944727,0,0.005483076,0,0,0,0.002414369,0.003538145,0,0.007770107,0.003544139,0,0.013391151,0,0,0,0,0,0,0,0,0.008638152,0,0,0.00875066,0,0,0,0,0,0.013291012,0.006814278,0,0,0,0,0,0,0,0,0,0,0,0.24120135,0,0,0,0,0,0,0,0,0,0,0,0,0,0,0,0,0,0,0,0,0,0,0
cephamycin,beta-lactam,5.338725463,85.99700352,66.8743683,0,67.98465687,46.0646906,38.85473947,85.25782776,0.110596481,6.422322291,0.922205915,56.40363189,2.416671377,38.31293067,1.702863393,42.69262883,2.892626764,16.1200866,37.03471065,2.145542253,13.7601424,4.24431845,12.58145779,2.041035543,23.3565281,1.759611937,14.29219427,2.181840515,19.78970333,13.32332886,2.021875941,0.063806565,1.033559939,0,5.153651004,1.718035146,7.739460411,8.585209821,14.5970668,20.18082943,3.711185555,5.920013694,1.041375984,9.992057063,0.708902405,5.155673731,0,19.96915332,0.291815961,0.019791213,24.47086555,0.07999594,21.08081487,5.164676882,0,1.235731284,3.252899477,62.27641588,0,17.64628421,10.11992362,17.10797341,10.13814344,28.11611452,9.87239177,11.8162155,0,15.43433006,0,25.26877686,8.141578782,29.4276318,4.064910835,4.927178404,2.954377075,16.08602864,4.508838936,12.19020952,14.21194156,12.6000804,11.53379556,42.81802606,5.575157907,4.498184376,0.126662858,1.8630406,2.634727553,6.584907256,6.705327968,68.21164743,9.55680773,48.35666371
diaminopyrimidine antibiotic,trimethoprim,0.647891193,2.830220337,2.548258388,0.952542075,3.466485433,0.451138269,0.915395341,1.372059964,27.32693147,9.138527228,32.43235963,0.249127153,75.14908075,0.11897993,129.1928498,0.035209344,111.4523359,0.072417178,0.227579913,43.42124817,0.203047118,81.76153766,0.220673326,4.116885543,0.11128878,28.96528619,0.033255082,5.345772183,0,0.274799553,9.41610428,7.09396838,24.77422801,0.444576298,6.990460433,9.614036116,0.675907501,3.725324066,2.971042996,3.477788149,1.23527249,0.631214994,28.68084066,0.702321302,46.21867266,1.748010405,38.08420442,0.309304576,82.8628404,37.49367996,0.152093833,48.42114806,0.099429737,0.511225983,0.056888773,7.862851011,43.79111645,0.867975761,14.74823906,3.876517877,0.32896141,3.025154108,0.265099526,3.301351624,2.890266944,0.652085311,303.877572,6.183945237,254.6833571,1.002723514,0.389417351,1.298125714,66.90501121,0.139102958,51.67134051,0.149120802,95.94331448,0.078854563,104.7918075,0,75.43179256,0.256142034,0.188546325,55.58827929,2.584192544,14.57296512,60.60983976,5.09970556,2.163802899,7.50904827,22.68527562,0.320241708
diaminopyrimidine antibiotic;fluoroquinolone antibiotic;glycylcycline;nitrofuran antibiotic;tetracycline antibiotic,MDR,174.5136216,0.02135265,0.011211653,0,0.747878176,0.050614265,0.030716079,0.010194069,0.080261447,0.0050164,0,0,14.18733043,0.009263176,9.312651146,0.014137767,0.088117377,0,0,18.31892517,0,60.13433821,0.026560303,1.3823905,0.025988977,18.31130333,0,3.084565228,0,0.012337939,0.089977934,0.051319052,0.009785498,0.244039986,1.157500277,0.627721423,281.8233876,217.7332201,0.376876982,0.043519817,27.09235726,1.763610361,5.144962682,0.099503403,1.764627391,0.041430432,0.181730937,0,0.73024039,0.012100913,0,0.090401343,0,0.017122602,0.204149425,0.036759143,0.037692689,0,8.334200976,0.055085567,289.9451294,0,296.0448021,0,289.2122971,0,0,0.009957457,0,6.549974478,15.03034425,4.516996713,0.174080921,0,0.307386641,0,11.0375282,0,23.35595911,0.010656338,23.48093311,0.011440461,0,0.217769058,0.206710758,0.138648468,0,200.3000918,208.8996131,0,242.3692529,0.353442772
diaminopyrimidine antibiotic;fluoroquinolone antibiotic;phenicol antibiotic,MDR,49.59022921,0.392222524,0.868443634,2.977755636,0.202602855,0.086635452,0.098442515,0,0.690774745,8.041510506,0,0,29.02944644,0,19.31629085,0,4.231097541,0,0,20.7200721,0.182334075,39.81051082,0.255370786,13.23723631,0.190954518,7.338229992,0.804663952,15.40828731,0,0.106187181,2.496505888,0.40559024,0.842194533,2.40468489,15.51238257,3.764461351,67.19554736,62.6881509,0.538498123,0.101631728,6.110806109,0.399302831,1.244899714,0.394399605,2.486969093,1.239290622,1.650835888,0.184793991,2.303432547,6.677385102,0,1.705032088,0,0,1.050160846,0.320912645,1.429960077,0,0,0.303556708,69.37256865,0,73.20495263,0.186858211,71.62756175,0,4.501624742,1.456890259,0,9.329610017,3.247538392,9.421969853,18.49168609,0,20.99570213,0,41.52055214,0.076760648,36.1714382,0.183428762,31.68759807,0.098462986,0,23.9649859,5.093277773,0.321581683,1.563651821,52.51920197,54.82579935,1.570279568,60.83325037,0.669649328
fluoroquinolone antibiotic,MDR,221.4052849,6.409655359,6.266202578,0.80211161,1.788133524,2.615907274,1.345196335,0.556254632,0.598722644,30.78648921,0.127809615,0,31.2421608,0.044210612,21.29484934,0.014174018,7.022104462,0.134611054,0.010413813,87.21496122,1.632506258,200.4117971,2.003708355,27.55296404,0.795778837,29.76343509,4.104056276,31.07378437,0.164747916,2.957536693,4.843927357,0.424362143,0.277591971,7.52913336,8.780093441,6.834528521,336.076364,303.9047119,2.502701493,0.411109627,31.57774911,2.572045973,11.2128305,4.801329239,15.41583037,13.14985929,1.578238552,0.856118713,3.099115408,0.296442365,0,0.365749289,0.172048666,1.005603205,0.490880128,0.352493921,13.0898559,0.164757484,9.337225242,1.412902892,368.6514795,1.101818104,416.8813318,1.372194487,361.1970293,0.344295346,0.886120235,13.7286522,10.97080061,72.22093479,25.1814342,82.34322731,14.32907831,0.177562125,11.54284893,0.011645752,79.85185607,1.094548033,115.3782813,0.587244902,95.60855772,1.003315632,0.062358941,15.82708575,1.161901909,1.574620248,0.583671564,255.4947477,280.9102077,17.52910932,331.5907528,8.581146832
fluoroquinolone antibiotic;macrolide antibiotic,MLS,0,0,0,0,0,0,0,0,0,0,0,0,0.01381349,0,0,0,0,0,0,0.133534286,0,0.239211647,0,0.027541831,0,0,0,0,0,0,0,0.032763209,0,0.011654397,0.092260949,0,0,0,0.038374282,0.057939583,0,0,0,0,0.531676804,0,0,0,0.218861971,0,0,0,0,0,0,0,0,0,0,0,0,0,0,0,0,0,0,0,0,0,0,0,0,0,0,0,0,0,0,0,0,0,0.02413099,0,0,0,0.420951957,0,0,0,0,0
fluoroquinolone antibiotic;macrolide antibiotic;penam,MDR,123.9180938,8.675507383,9.138873143,0,0.951539151,2.168717005,2.038630737,0.443510784,1.310839318,25.71260378,2.84799595,0.020955802,30.05205486,0.115789699,12.18003483,0.134008897,5.291196845,0.381626711,0,72.14048417,2.120476778,165.928302,2.247956188,41.44528399,1.429151483,20.87279294,6.951590561,36.17669921,0.41126689,1.994834258,2.725091158,0.046909598,0.231688992,0.009620216,2.956979004,3.726069169,159.0162524,168.8895215,1.838508126,0.374525986,15.96276677,1.000882769,4.93600289,4.253888105,13.41770697,12.60683394,1.201140453,1.016926623,6.870624686,0.261020901,0.149013777,0.138370093,0.803359958,0.813502111,0,0.049887621,10.06976861,0.169722589,5.97656574,1.534740094,197.4067705,1.159492046,229.0084165,1.256561128,178.482744,0.38460561,0,16.70309319,0.416933763,73.02489957,10.41225841,87.19527189,15.36013895,0.2052587,13.15259423,0.6530494,59.15695795,2.581816794,58.43674832,2.124456615,43.7624753,2.220650576,0.295087539,11.57034166,0.402092269,1.023907815,0.727245226,133.2057941,159.8346208,19.8411246,183.1307669,9.862977572
fluoroquinolone antibiotic;macrolide antibiotic;penam;tetracycline antibiotic,MDR,0,1.384047836,1.325164771,0,0.060582226,0.123035838,0.243826519,0.031297579,0,8.09612726,0.05551649,0,0.472561332,0,0.167564343,0,0.864593285,0,0,16.49293785,0.819939957,35.54730738,0.812729752,9.042085187,0.202422909,2.017937925,1.57324696,6.275652779,0.017592691,0.87600641,0.03634965,0,0.008583771,0,0.547989607,0.639752353,0,0,0.325069715,0.177845535,0.265693031,0.010174383,0.239979864,1.570521651,2.564576119,4.011281487,0.197008573,0.237646761,0.229590499,0.036449473,0.008335301,0.025328234,0.089616574,0.075099129,0,0.055361583,3.029953484,0,0,0.199055719,10.0338181,0.063737892,24.3496326,0.341897313,0,0.124305367,0,3.682794843,0,22.84089089,0.021354444,26.25663808,1.435178138,0.089175957,1.340768362,0,7.656286058,0.210718334,6.297674019,0.312253236,3.378608865,0.419867289,0.008628291,1.303966371,0.017690266,0.11363177,0.170892746,0,0,4.675830423,0,1.872188482
fluoroquinolone antibiotic;macrolide antibiotic;phenicol antibiotic;tetracycline antibiotic,MDR,0,0,0,0,0,0,0.011548064,0,0,0.566827689,0,0,0.324618774,0,0.342704205,0,0,0,0,0.109908989,0,0,0,0,0.005600108,0,0,0.007655217,0,0,0.026148156,0.016854151,0.004939795,0.378902387,0.70222731,0.357757561,0,0,0.005264164,0,0,0,0,0,0,0,0.006030095,0,0,0.018325902,0,0.011087896,0,0,0.407930792,0.078864267,0.066596458,0,0,0,0,0,0,0.005479976,0,0.029193721,0,0.010053202,0,0.010541452,0,0.005248832,0.050841024,0,0.022789001,0,0.051405595,0,0.037880056,0,0.025949767,0,0.004965415,0.040450032,0.325773052,0.061301508,0.020380932,0,0,0.036841174,0.02659408,0
fluoroquinolone antibiotic;macrolide antibiotic;rifamycin antibiotic,MDR,0,0,0,0,0,0,0,0,0.349203807,0.009160382,0.11557085,0.015861574,0.845002008,0,0.999901476,0,0.462090464,0,0,6.835531248,0,6.840056782,0.014344031,0.194162039,0,0.994236825,0.030131677,0.223180009,0,0.01789342,1.36329688,6.236880812,0.834149684,0,3.386691398,0.425408441,0,0,0.1305098,0,0,0,0,0,0,0,1.137601165,0,0.258764982,0.919724616,0,1.013930506,0,0,0,0.462020174,0.321904441,0,0,0,0,0,0,0,0,0,0,0.014441064,0,0,0.214443275,0,0.225402127,0,0.439700529,0.01647134,0.843022127,0,0.827975017,0,0.514109322,0,0,0.377682615,0.306005992,0.725027651,0.699911456,0,0,0,0.013215924,0
fluoroquinolone antibiotic;tetracycline antibiotic,MDR,0,0,0,0,0,0,0,0,0,0.004973767,0.137584345,0,0.380315429,0,0.463135395,0,0,0,0,0,0,0.024169638,0,0,0,0,0,0.016483283,0,0,0,0.003310353,0,0.065942539,0.015980448,0.043734474,0,0,0,0,0,0,0,0,0,0,0.005921906,0,0,0,0,0,0,0,0.059037546,0.018223371,0.029041818,0,0,0,0,0,0,0,0,0,35.99122123,0,0,0.549644452,0,0.072165242,0,0,0.068576804,0,0.006310413,0,0,0,0.005096838,0,0,0.039724299,0.069984296,0.009261795,0,0,0,0,0,0
fosfomycin,fosfomycin,165.4268014,1.33701737,0.966592901,0.100521911,0.640610908,0.349726935,0.191335575,0.170525782,0,4.131152601,0,0,13.89130247,0,6.379927604,0,1.465665392,0.029108866,0,23.80353663,0.29986805,67.06039442,0.318170301,5.277868088,0.057099145,16.87742977,1.05601187,7.169382316,0,0.412776639,0.278212836,0.12574526,1.404465416,0.048371213,1.456687956,1.076878302,237.9382384,223.2044066,0.912157329,0.089553155,18.96352449,0.850560701,1.7487498,0.840274158,5.523224989,1.733748487,50.368217,0.234842363,1.362677422,17.96169419,0,42.67388279,0.066611425,0.161573568,0,10.96627129,8.430558986,0,0,0.26908945,196.658901,0.267292904,207.9979301,0.209528509,259.7599534,0.037207683,0,3.139161608,0.35303215,15.20862868,13.14087345,17.1657383,1.897926239,0.056254873,3.400958573,0,11.3916499,0.183623512,21.06651586,0.109697593,15.00310256,0.176654181,0,2.186036335,0.051900119,0.20200356,0.244246306,193.8369565,208.2583638,3.599840251,249.6917262,1.75123221
fusidic acid,fusidic acid,0.244860287,0,0,1.641207863,0,0,0,0,3.150449302,0.024613176,8.086191257,0,3.546522086,0,0.428973994,0,2.157330958,0,0.024915291,0.534137144,0,0.480680007,0,0.137709157,0,2.496907846,0,0.111608771,0,0,0.30665871,15.79884806,24.85528068,0,0.553689451,1.227310949,1.148722953,2.282302875,0,0,0,0.142942915,7.389046991,0,12.23691049,0,31.53564004,0,11.38287754,28.32206575,0,26.0534671,0,0,0,8.103663952,43.46684862,0,18.57954999,0,0.273516741,0,0.250948087,0,1.226627961,0,13.44449026,0,212.7941064,0,0,0,1.073771387,0,2.259219777,0,6.327137157,0.043760743,1.584982152,0,1.012573484,0,0.02413099,1.231160453,0.02473744,0.436277355,3.964344278,2.199673757,1.853623954,0,3.472600118,0
glycopeptide antibiotic,glycopeptide antibiotic,0,0.698461309,0.844532275,0,0.185830308,0.547384011,0.538268579,0.183189832,0,4.072435537,0,0.015602961,0.1013609,0.91558399,0.170674506,0.721548865,0.270239633,0.558504565,5.104659291,8.171376294,1.851933581,6.93166236,2.316268695,0.373663257,1.177036491,0.298459305,0.69823123,0.498080372,0.464070756,1.7240821,1.183795403,1.505641242,0.618301511,1.172277403,2.795450812,1.769861362,0,0,0.51458119,0.439687276,0.218611646,0.557762368,0.611182761,2.065787426,1.414856365,1.780027496,0.184765728,0.991428651,0,0.294121425,0.434655835,0.129587788,0.813300944,1.036438176,2.757896428,0.940865628,2.205070746,0.175473143,0,0.498027009,1.182002115,1.17087585,0,0.738374053,0,5.581762451,0,2.014036309,0,2.103901885,0.952064404,2.062091686,0.319999437,0.381391965,0.743594574,0.600439151,0.295163074,0.128845344,0.328892022,0.132932561,0.352012227,0.729853384,2.094676303,0.195681511,1.271917019,0.665986,1.36814995,0.14345031,0,1.069955916,0,0.076341817
glycylcycline;tetracycline antibiotic,MDR,0,2.393037896,2.07870041,0.445501456,4.173919908,0.871819548,0.94408402,21.50700094,0.882064966,30.15619602,1.514178364,4.782144767,12.46883141,6.258536342,20.13072182,4.704200768,4.616954229,5.48491236,19.06677946,4.275163902,11.58672933,6.832813096,11.99602415,2.940262807,3.920924679,0.808736385,4.642074632,1.411200623,2.743498278,10.00383403,7.010317678,4.377369223,1.341663646,4.734559293,10.73731386,8.58709709,0,0.028741984,0.620955723,0.59169083,0.056983969,0.204025222,3.07180864,5.984798822,24.29250211,6.528555286,2.596424222,2.456195178,24.68520392,5.052086562,8.48849999,3.851217108,9.099264429,3.259873731,2.739929259,1.591252504,4.817637008,0.400358693,8.989456631,1.464159523,8.606569067,1.585941713,0.274717942,1.161200318,0.646414018,5.575703578,0,13.46177993,0,17.56208984,2.717885103,19.69971672,19.59625631,2.367567166,13.58609067,3.243639235,15.22498469,0.700510544,10.97297416,0.923490999,9.026859393,2.972692701,3.022469379,17.7784586,3.398029488,2.140939865,3.714656987,0.885305725,0,80.24503028,23.01473978,5.746564782
isoniazid;rifamycin antibiotic,MDR,0,0,0,0,0,0,0,0,0,0,0,0,0,0,0,0,0,0,0,0,0,0,0,0.011120664,0,0,0,0,0,0,0,0,0,2.616390209,0.042574325,0.05825762,0,0,0,0,0,0,0,0,0,0,0,0,0,0.011986753,0,0,0,0,0.455002846,0.00910309,0.009334275,0,0,0,0,0,0,0,0,0,0,0,0,0,0,0,0,0,0.014906013,0,0,0,0,0,0,0,0,0.039686823,0.539369535,0.212820331,0,0,0,0,0,0
lincosamide antibiotic,MLS,1.781700782,0.262597763,0.035890963,0.954645978,7.121366812,0.257793296,0.403456232,15.72993177,74.31252401,75.80775544,57.93591679,58.91094294,324.7244955,175.5469518,239.6586041,150.5037877,279.1419881,208.1465396,123.3096438,101.4892744,126.9664659,88.56486357,131.6011152,132.7796998,110.5653492,167.5619515,139.6636723,133.1688055,84.29590564,124.976259,203.0357254,236.6134238,361.6974762,12.96383422,116.3701508,108.6745958,6.973043696,11.03602367,25.17125107,28.72955428,3.838658405,4.975459363,23.33605459,68.78569735,44.57708451,117.5524811,138.8409323,59.68532098,25.53016833,90.93110421,48.25100888,125.9351489,63.45356102,100.6227537,1.45936583,64.49162652,117.2719886,53.57730115,17.20627891,37.74900418,0.130982805,35.44310185,0.497061612,38.46692207,0.033712289,0.185130911,0.324873244,2.645708529,8.157399701,2.473604778,2.470778791,2.662821978,169.3160698,86.92844008,194.8729675,66.06813302,118.2733438,90.68727133,90.16130218,92.22180277,69.9407947,75.46389236,65.85723949,169.5730504,71.29919319,100.6844509,602.98152,22.88072722,13.27132445,0.155751307,2.257816265,17.0802208
lincosamide antibiotic;macrolide antibiotic,MLS,0,0,0.020872759,0,0,0,0.021294303,0.018978319,0,0.046339175,0.097438767,0.016838386,0,0,0,0,0,0,0,0,0,0.150121092,0,0,0,0.296417009,0,0,0,0,0.653933937,0.873845707,2.802210902,0.029255613,0.066171238,0,0,0,0,0,0.336061281,0,0,0,0.556103793,0,0.422990797,0,0.274700656,0.465760947,0,0.272742739,0,0,0,0.028296994,2.669438268,0,0,0.021887659,0,0,0,0,0,0,0,0.037075639,1.241930356,0,0.0226607,0,0,0,0.046335407,0,0.137182087,0,0.066016353,0,0.09497158,0,0,0,0.031048751,0.057526342,0.264175128,0,0,0,0,0
lincosamide antibiotic;macrolide antibiotic;oxazolidinone antibiotic;phenicol antibiotic;pleuromutilin antibiotic;streptogramin antibiotic;tetracycline antibiotic,MDR,0.106875494,0.655937084,0.523210486,1.21394097,36.32483624,0.22182954,0.192752876,48.98396114,92.50445727,30.4001601,81.22894224,110.5037572,154.0372955,64.94364871,120.0633747,72.59275317,60.69047179,51.64526494,34.47396884,174.3202028,73.58334302,215.6803102,65.86168388,23.05123121,63.1389833,84.30921912,47.72025399,28.51296235,44.99382515,65.00255324,149.1182836,77.33544123,96.01121517,16.57087528,67.59456677,104.1623133,0.531292109,4.722472066,2.18629119,2.510429148,0.455875457,3.930557422,89.91943115,79.5088088,92.40205502,77.80013522,184.7999519,92.95806032,112.5107602,165.010571,131.4462991,162.7345065,93.34925829,41.31721334,1.289518093,89.81205374,179.9037067,3.972964513,4.776947478,4.057525117,0.585951345,3.626142099,1.322942388,4.407793098,10.17884527,8.86614212,22.53769804,0.454571223,788.8944373,0.157629787,0.856024235,0.205821119,177.3316639,42.67186806,176.8979565,46.32092746,133.1410899,41.7317326,103.6322243,42.50375352,117.1776939,61.14482079,36.77971784,193.9064039,53.6426213,115.1596308,174.3445173,10.37738303,0.353669129,2.94947635,36.45718602,18.1090636
lincosamide antibiotic;macrolide antibiotic;streptogramin antibiotic,MLS,1.863110327,30.45545144,34.75435954,20.69403835,38.194973,37.01032229,41.50710579,53.74671794,171.4486053,65.39843416,162.1587687,89.18708873,316.585223,64.73000275,236.9820489,78.30172394,221.0425613,77.24526953,71.47439381,435.5365504,109.0542157,546.1391918,107.7342185,28.28008564,84.2580002,299.8158518,68.59676608,44.63326839,46.68823982,100.6451504,249.5882258,381.8804381,1130.128516,34.62770664,72.54070988,187.1993848,10.95928888,10.97754682,53.66720289,60.26207868,17.61958173,51.32889691,415.5587193,108.8915942,438.3536835,72.8847494,645.3153479,59.38096019,426.1388592,292.0022056,79.28615326,595.4784152,86.59470039,158.5552394,10.91398088,425.0715575,1069.716005,49.89206332,17.98757861,55.25476371,1.422002972,67.28951684,3.649592223,71.18742218,0.823363509,43.20776985,13.40933121,31.43659921,29.27584689,32.39309327,33.76676169,29.15127599,203.421881,28.75942397,197.1595397,30.37695983,260.0544629,47.58029012,206.1669545,49.22111413,258.2408799,66.96543647,26.64196152,179.2239722,64.45940674,277.4426089,268.1532748,40.72035205,21.38482341,99.1517306,3.70982647,29.70768426
lincosamide antibiotic;macrolide antibiotic;streptogramin antibiotic;tetracycline antibiotic,MDR,0,0,0,0,0,0,0,0,0,0,0,0,0.145620042,0,0.07485241,0,0.060543502,0,0,0,0,0,0,0.029034246,0,0,0,0.019609423,0,0,0.28131809,0,0,0,0,0,0,0,0,0,0,0,0,0,0,0,0,0,0,0,0,0,0,0,0,0,0,0,0,0,0,0,0,0,0,0,0,0,0,0,0,0,0.607754769,0,0.817260712,0,0.115219438,0,0.401992433,0,0.398833852,0,0,0.880734677,0,0,0,0,0,0,0,0
lincosamide antibiotic;oxazolidinone antibiotic;phenicol antibiotic;pleuromutilin antibiotic;streptogramin antibiotic,MDR,0,0,0,0,0,0,0,0,2.052531261,0.196200156,1.904104264,0,3.642170051,0.013934577,1.776382817,0.015839161,0.545845644,0,0,33.24353267,0,39.82359851,0.029756672,0.101328687,0,29.1277335,0,0.11406054,0,0.018559937,2.758368202,1.948706857,42.67416593,0.042877496,0.630380581,24.83098909,0,0.055713329,0,0,0,0,32.51177065,0,83.24220476,0.01547211,25.64224277,0,49.78890352,22.62680026,0,21.4080908,0,0.017171663,0.063979494,12.17909923,407.3260752,0,0,0.03537146,0.485618678,0,1.375820966,0,0,0,0,0,0,0,0,0,0.95952114,0,10.39021713,0,44.88341834,0,14.31968459,0.032060615,10.96522633,0.017209863,0.029593306,0.271212246,0.728354109,14.61399857,3.142984965,11.67611084,0,0,0.348385386,0
lincosamide antibiotic;oxazolidinone antibiotic;phenicol antibiotic;streptogramin antibiotic,MDR,0,0,0,0,0,0,0,0,0.122492033,0.076558424,0,0,0.033121421,0,0.052362555,0,0.155570643,0,0,9.451449941,0.158632241,13.98516808,0.132571393,0.676896441,0.130512332,5.260951166,0.015854167,1.07044379,0.103227699,0.129087742,2.326300223,1.289360652,0.804274932,1.331113587,0.737015649,4.741381804,0,0,0,0,0,0,0.611080738,0.067390409,0.853903333,0,1.266932726,7.814922335,0.524778283,0.874667565,1.034067653,0.912910324,2.847162626,0.084953508,0.178437291,2.425514346,3.01076641,0,0,0,0,0,0,0,0,0,0,0,0,0,0,0,0.544929491,0,0.619622501,0,1.343913412,0.104927721,2.975028128,0.125368677,3.31224573,0.168242077,0,1.092224632,4.266033977,0.884657995,0.366335002,0.114061659,0,0,0,0
macrolide antibiotic,MLS,0,31.99468901,23.10308488,0,6.448647088,18.67191999,15.53105315,22.66183942,1.605815675,25.81486737,2.317900301,12.31948019,64.03699654,6.080239135,43.04995206,3.599270632,3.429082547,2.271954877,2.915586883,38.72802127,11.27119643,71.42559383,10.96286664,3.042645022,5.355990419,21.79364514,4.271310086,2.916205932,4.027263619,8.38550258,20.15263028,8.030437145,18.43110003,4.148773047,15.70873242,25.76859378,0.485266924,0.681639896,5.205026577,5.173329407,0.82133883,7.926657724,17.71365203,1.540338779,101.1591085,3.237886754,9.389573704,3.413375152,84.1629882,32.70306654,5.940673362,12.09415816,5.639142264,1.417875131,1.148556491,6.110018342,15.43326653,3.505378062,0,10.03376008,0.50545567,8.421700508,0.08794167,9.548862026,1.795827723,24.61398115,0.043732937,40.417304,1.07370902,42.70824308,10.97837121,45.79560085,15.11889701,0.941574422,17.8635168,3.315561183,17.96133791,1.749979835,10.36120818,1.660236136,8.51847088,4.62662857,1.459153879,21.73372889,9.284288466,0.920552035,6.800424912,6.220248444,0.621399807,16.79254936,7.280558069,7.638305649
macrolide antibiotic;penam,MDR,2.745012688,0,0.005516512,6.907184908,0,0,0,0,1.003045386,0.074241996,1.883300675,0,0.406918219,0,0.210990162,0,0.059145809,0.026044775,0,0.752008874,0,1.371127695,0.022774295,0.338941727,0.025544354,1.519972935,0,0.094610573,0,0,0.371275522,5.461664898,1.897536194,17.14414849,3.278165338,2.587513747,0.556833153,0.653817096,0,0,0,0,0.942263957,0,1.352104667,0,1.292767639,0,1.244860003,1.980246393,0,1.605717314,0,0,3.96488505,2.877853943,1.670753256,0,0,0,1.62605048,0,0,0,0.33327851,0,0.344109159,0,6.016281047,0.025686763,0,0.04604411,1.017168057,0,3.766754351,0,0.857136825,0,0.663672956,0,0.591235582,0,0,0.570687263,6.511095554,5.134060056,2.161451458,1.587372929,0.458384561,0.011969641,0,0
macrolide antibiotic;tetracycline antibiotic;triclosan,MDR,0,0,0,0.122685767,0,0,0,0,0.041109521,0.704008859,0,0.005601844,0.97239875,0,0.9131848,0,0.029976417,0,0,0.16727612,0,1.373424917,0,0.460015761,0,0,0,0.714586501,0,0,0.042449299,0.047882231,0.045108761,0.116794116,1.183254707,0.296213948,0,0.006323236,0,0,0,0,0.140124828,0,0.111003742,0,0.085656758,0,0,0.210732972,0,0.085695917,0,0,0.060995865,0.056483561,0.057918035,0,0,0,0,0,0,0,0,0.0206822,0.472017052,0,0,0.34226296,0,0.021302576,1.048895792,0,1.117587413,0,0.554177393,0,0.197662621,0,0.215902059,0,0,2.123922632,0.648429535,0,0.082716758,0,0,0,0.118620975,0
mupirocin,mupirocin,0.050932853,0.004632251,0,0.941509426,0,0,0,0,0,0.010197908,0,0.011116921,0.011547214,0,0,0,0,0,0,0,0,0,0,0,0,0,0.010559213,0,0,0,0,0,0,0,0,0,0.150550035,5.215435012,0,0,0,0.08320127,0,0,0,0,0,0,0,0,0,0,0,0,0,0,0,0,0,0,0,0,0,0,0.360431782,0.007347887,23.82821512,0,495.4671454,0.005306443,0,0.0052844,0.017061847,0,0.007647809,0,0,0,0,0,0,0,0,0,0,0,0,0.955592991,0.340207292,0,1.157683958,0
nitroimidazole antibiotic,MDR,69.18186615,1.430601331,1.203518966,0,0.541492682,0.208848006,0.257946453,0.110348166,0.289603158,4.362199023,0.057090411,0.01973158,5.871540215,0,3.049451184,0,1.340955353,0,0.009161293,14.92647166,0.372657015,39.09712966,0.339031777,5.134422045,0.2101484,6.103396478,0.871488851,5.63592334,0,0.589867965,0.345766678,0.030117383,0,0,1.599280367,0.848839552,109.5378561,92.3086582,0.686693053,0.106521227,8.532491983,0.43943894,2.714617589,0.692401712,1.824631964,2.477212366,0.237059387,0.184000202,0.885225223,0.087326176,0,0.026633813,0.028018001,0.082376777,0.007673142,0,1.683056299,0,4.079839328,0.243923288,122.8336254,0.147476012,131.3614842,0.235017544,116.3686829,0.026083737,0.067402825,3.089891367,0.050146672,17.60313864,7.620069299,18.80560831,1.453599036,0.019718203,1.832517576,0,14.18070159,0.201134001,21.00306855,0.038450703,19.03981643,0.185760067,0,2.439512211,0.100054868,0.278068698,0.091048836,77.93946532,85.85600593,3.664705145,101.1131716,1.453865563
nucleoside antibiotic,necleoside,0,0.026583971,0.032700655,0.155250508,2.059795692,0.029359792,0.100083224,0.862248311,126.3956337,89.72335185,103.3589743,22.77836224,54.35575493,26.55829737,53.66934452,22.23430955,17.54668418,37.97154501,46.89085431,56.52859347,79.98843934,55.83969708,81.60940956,12.96782336,35.59180049,16.46739261,44.99830519,15.25329853,22.22836458,75.89374798,58.73192368,13.36584527,13.79811511,2.527486021,15.83073658,29.54368173,0.100760285,2.160439099,9.246212209,9.815931044,0.772194143,1.488512221,47.64210601,27.77198439,29.62899702,47.51794327,15.0523174,27.39827569,39.97249757,16.48610303,32.86984328,12.65014265,34.81734781,53.60325529,0.498763053,19.90763734,32.9280302,2.264627666,0,5.452215758,0.794441806,3.496820111,0.859548395,6.71236218,0,0.084337415,0,1.800640182,0.162140908,1.004951789,1.526575843,0.758164591,84.94048183,40.89916753,78.84447049,36.76952054,106.7354465,39.51604355,119.2078525,40.5639002,115.249098,47.88424776,61.27984558,97.6792321,19.36703634,77.61945323,58.87926273,3.191910299,0.129026765,0,1.241777829,1.426459362
penam,beta-lactam,0,0,0,2.143722114,0.019742451,0,0,0,23.14985774,3.194779064,21.62956142,0,3.461149296,0,3.471842412,0.038387965,0.813574439,0,0.017892189,27.96639097,0,24.64080179,0,1.783409779,0.019158266,18.14400882,0,1.591443509,0,0,1.677218002,0.355731536,3.634204561,0.283841959,1.131781264,4.778338541,0.520953289,0.043498774,0,0,0.065358125,0,4.609130041,0.019527903,9.639825317,0,26.9258252,0,16.83673055,5.456600096,0,26.04206529,0,0,0.329489485,0.792277328,14.83349019,0,0,0,0,0,0,0,0,0,0,0,0,0,0,0.018318071,38.0693516,0,29.8677437,0.020008809,140.2418259,0,134.8917033,0,90.95165279,0,0,36.54157758,0.981562934,1.944632217,3.288029584,6.153704399,0,0,1.326027262,0
penam;penem,beta-lactam,0,0,0,0,0.062260111,0,0,0,0,0,0,0,0.020671936,0,0,0,0,0,0,0,0,0,0,0,0,0,0,0,0,0,0,0,0,0,0,0,0,0,0,0,0.632783478,0.085165988,0,0,0,0,0,0,0,0,0,0,0,0,0,0,0,0,0,0,0,0,0,0,0,0,0,0,0,0,0,0,0,0,0,0,0,0,0,0,0,0,0,0,0,0,0,0,0,0,0,0
peptide antibiotic,peptide antibiotic,395.0107039,7.017858648,7.194189669,0.42236671,1.864850932,2.375526974,1.70944141,0.746657582,5.759362495,30.69170477,4.694072423,0.175457439,46.32096462,0.137873302,24.69124533,0.198694642,8.206732361,0.220514894,0.294333738,97.26708486,2.583244691,239.1657548,2.813554102,35.86622918,1.496103845,49.26082116,6.538967629,39.99193184,0.244234608,2.474235099,1.741227531,0.247540685,0.303935901,0.278462009,8.331398651,5.003679589,501.2425142,502.9720772,3.41596042,0.92015106,54.33100826,3.682224016,18.52510429,4.61562228,20.61015907,12.67282392,1.842892006,1.735220233,9.465883504,1.69764497,0.218576086,0.836418197,0.345868122,1.13112358,0.033310653,0.703641556,25.95462196,0.333779488,17.22576307,1.29773352,520.347739,1.251303671,565.7647278,1.291321558,549.2428005,0.552799291,10.13152617,16.70067631,0.357609846,81.02359198,27.38949574,93.81822436,67.57437187,0.41026414,69.37138985,0.193491062,78.87487627,1.396511336,101.5144706,0.83890674,81.13225657,1.47877198,0.234349958,69.36569689,2.22834911,1.233286865,1.267795933,410.6490316,462.854216,19.28804075,536.4393651,11.34160176
phenicol antibiotic,phenicol antibiotic,2.932419877,1.839146148,2.437139639,18.86829698,0.790887816,1.04378264,2.378259007,0.379547554,85.85780717,66.4138568,80.70497901,1.307990374,155.71339,0.516621383,155.0132617,0.229337873,52.70435182,2.032090951,0.127700915,804.5559456,7.417587897,766.0077685,8.71629079,115.5078324,4.376400375,1269.09035,2.39134435,112.1943878,2.00914318,11.51693474,59.11738164,368.2014979,321.0029557,17.85136505,291.1180318,322.5236865,13.90069888,2.035588149,2.028639401,1.885719409,2.965160096,1.050564285,456.637203,3.440731963,620.433095,7.707089368,1682.385499,15.00344745,861.2513801,1048.496047,11.75914064,1875.878969,11.14083817,2.519528364,5.10692085,291.8718177,541.5554149,0.2672274,22.02282392,1.706950424,1.135501277,0.922130532,0.885736093,0.707573759,0.027763062,0.335465015,28.09198049,2.614703763,57.08825804,2.725549377,2.740763303,2.315868843,549.4326121,0.849067327,492.1238242,0.551408048,411.847416,1.087398773,379.723456,0.825429319,379.9312117,2.326517468,0.470799973,578.30732,59.2446451,196.6524682,284.2991316,36.76907731,25.33690378,0.178512065,7.635149733,0.646460776
pleuromutilin antibiotic,pleuromutilin antibiotic,0,0,0,0,0,0,0,0,0,0.048770552,0,0.017721882,0,0.007504888,0,0,0,0,0.074053781,0,0,0,0,0,0,0,0.00841641,0,0.008124402,0,0,0,0,0,0,0,0,0,0.033794635,0.038268737,0,0,0,0.009281781,0,0,0,0,0,0,0,0,0.008388105,0.009248319,0,0,0,0.019970262,0,0.01905037,0,0.022075885,0,0.017590048,0,0,0,0,0,0.00845919,0.019723202,0.008424051,0,0,0,0,0,0.007225925,0,0,0,0,0,0,0.024508389,0,0,0,0,0,0,0
rifamycin antibiotic,rifamycin antibiotic,3.202514802,0.027659623,0.020414282,6.005743317,0.0071438,0.012219104,0.013884378,0.030935758,0.369625083,0.169057397,0.582923148,0.013276045,2.276279809,0.061843747,1.281714893,0.025562391,0.014208475,0.006864981,0.061640142,2.386374826,0.012858241,3.161286827,0.018008807,0.182359267,0.087385304,0.633322056,0.050440078,0.088244988,0.036517544,0.007488345,0.52281245,5.635530719,0.946360699,11.73645935,1.318893383,1.140299066,0.23864278,0.568536605,0.037975012,0.086005115,0,0.007039732,1.889841432,0.162011606,0.66537331,0.042240946,1.210250556,0.02606343,0,1.894748217,0.028836287,0.997132569,0.037702837,0.013856441,2.641269413,1.179434891,1.137491862,0.067321714,10.41432671,0.078491927,1.429420561,0.071545197,0.233996841,0.046120495,0.142833647,0,0.458812213,0,7.424346824,0.006200854,0,0,0.234998511,0.013267045,0.355632589,0.020679624,0.229520952,0.070371323,0.970741811,0.077612632,0.684029218,0.090267223,0.023879916,0.863501726,4.254404408,1.330244597,1.226800016,1.646164519,0.916769123,0,0.475400008,0.040477565
streptogramin antibiotic,MLS,0,0,0,0,0,0,0.028325441,0,0.393806163,0.173917627,0,0.02683126,1.160333158,0.022725081,0,0,0.402020171,0,0.150902045,0,0,0,0,0.688805615,0.02721548,0,0.050970406,1.339305256,0,0,1.24557623,0.032763209,0.048017153,0.162784459,0.262767771,0.81760305,0,0,0,0,0,0,0,0,0.177225601,0,0.175830794,0.105349845,0.218861971,0.207807735,0,0.072434014,0.15239698,0.056536892,0,0.338175525,0.439234319,0,0,0,0,0,0,0,0,0,0,0,0,0,0,0,1.40010795,0.05362614,1.587420729,0,16.15065458,0.721359223,9.402512392,1.018744431,8.247318035,1.964658647,0.024358641,1.670926536,0.370511429,15.99568332,1.584760309,0,0,0,0.248570531,0
sulfonamide antibiotic,sulfonamide,0,0,0,0,0,0,0,0,0.146819719,0,0,0,0.041199817,0,0,0,0,0,0,0,0,0,0,0.020536418,0,0.100625386,0,0.083220478,0,0,0.094752899,0.451949633,0.286404831,0.695203074,0.098276969,0.448265661,0,0,0,0,0,0,0,0,0.925031187,0,0.021851214,0,0,0.022135816,0,0,0,0,0.435684748,0.285779921,0.327512698,0,0,0,0,0,0,0,0,0,0,0,0,0,0,0,0.552696846,0,0.330321403,0,0.023284764,0,0,0,0.037613599,0,0,0.549669418,0.977602932,0,0.203099182,0,0,0,0,0
sulfonamide antibiotic;sulfone antibiotic,sulfonamide,0,0.069616399,0.042194394,20.73493328,0.115398036,0.018941801,0.021523274,0.057547162,240.7623658,78.62701729,242.8708599,0.857763541,339.968792,1.325376964,147.142901,0.444077613,76.81916052,0.885206115,0.349633279,291.9602075,0.677371778,292.0608777,0.782324095,105.3381063,1.767130526,298.311731,5.701246446,95.84868026,0.365206436,0.31080824,80.60023976,466.1110706,123.3270404,89.35916545,177.4966839,132.148914,0.164435604,2.161810643,0.625681464,0.365368273,4.234111677,0.982236695,165.9422322,2.732926882,312.78982,5.680549053,243.6800716,1.473665413,328.8723796,239.7456283,0.7858194,263.200109,0.82255378,0.53223711,55.49746321,114.8469703,115.2801338,0.596212505,14.26813309,0.681976471,0.189830778,1.600184983,0.039373638,2.732715765,0,0.82500283,0.703018713,0.356005863,0.627642223,0.019647151,0.137426182,0,406.4642795,0.08408656,385.1409995,1.562833005,375.6136899,1.446416748,392.1492159,1.27934823,373.4726496,0.328635794,0.170406429,454.5048832,85.8235543,114.4835121,130.7692817,12.52638067,0.085700435,19.42032925,6.089657002,0.043066536
tetracycline antibiotic,tetracycline,0.608449873,91.07924879,93.80023983,0.679214555,188.622203,93.67631472,96.20966352,229.270836,186.7925911,293.5215988,172.8364274,328.7573608,257.1255362,302.5829174,201.0891474,303.9316173,182.6781577,348.1655239,328.6981393,219.5666673,383.5143845,327.8832616,390.8946016,166.555984,329.346781,146.3638998,311.0076309,205.6798262,301.039898,407.3951189,311.4767726,210.2944438,588.9855436,69.9525119,308.0576453,234.3552541,1.901153341,10.80041306,206.5812797,218.6169352,103.0600632,112.1684877,217.3390103,418.3566359,245.9953005,383.8539486,247.8747713,376.1459894,186.9767455,227.0040665,387.7842871,240.9364134,379.119114,354.4258485,20.49255247,251.6880745,550.8039804,218.4514806,24.37974013,231.1541074,15.94026063,225.1617514,24.001648,209.5511113,5.464892851,189.4364869,334.7928554,215.6273111,461.5238095,307.8455821,158.6396489,314.4477341,464.4476028,420.9562195,481.899343,424.812518,581.1529225,503.0539584,536.0991397,525.6476224,525.2570641,443.9406241,413.5547686,480.1849121,204.9959023,613.5871564,577.656729,21.13402542,2.155417127,313.2729843,53.91571971,202.4387745
triclosan,triclosan,0,0,0,0,0,0,0,0,0,0,0,0,0.049518119,0,0.075557152,0,0,0,0,0,0,0.461917626,0,0,0,0,0,0,0,0,0,0,0,0,0.078984366,0.025350196,0,0,0,0,0,0,0,0,0.037365792,0,0,0,0,0,0,0,0,0,0.00926508,0.009506675,0.030791486,0,0,0,0,0,0,0,0,0.014956389,0,0,0,0.210842351,0,0,0.017364422,0,0,0,0,0,0,0,0,0,0,0,0.021966025,0,0,0,0,0,0.067381681,0
